id,customerId,url,state,createdAt
c8af67e4-2a87-429b-a310-99369bbbee4b,15,/fastcampus/services/i,SUCCESS,20250213133202
bcad3a53-8ec1-43ad-9ca3-97d9f2d0e4a4,10,/fastcampus/services/r,SUCCESS,20250213133202
bb944e86-e5f8-4294-82b4-62242b0c1c71,14,/fastcampus/services/g,SUCCESS,20250213133202
ae7f5844-5ff0-4e91-81b1-a574b0b12880,7,/fastcampus/services/d,SUCCESS,20250213133202
a9441a22-6ea5-4a07-93f9-db50e89ddff3,16,/fastcampus/services/v,FAIL,20250213133202
3a853036-10dc-4f91-b067-a52f3f2783ad,12,/fastcampus/services/n,SUCCESS,20250213133202
caf7a978-44ea-4f92-ab6c-1c295b1ca3ba,3,/fastcampus/services/i,FAIL,20250213133202
7688bef2-0ddb-410b-b881-3d6b8b2f29fb,8,/fastcampus/services/b,SUCCESS,20250213133202
09e6cb7c-4e3d-4d9e-851a-a54428254c48,13,/fastcampus/services/k,SUCCESS,20250213133202
3b311b8d-9504-4906-b6d2-085a8875b798,11,/fastcampus/services/w,SUCCESS,20250213133202
16c908c3-5311-4abe-947f-87d60a24713e,19,/fastcampus/services/o,SUCCESS,20250213133202
ba26bd9b-8387-4030-808f-5503ed46a5cc,7,/fastcampus/services/i,SUCCESS,20250213133202
663545db-4cfe-48d7-a140-69bc38ce1a56,7,/fastcampus/services/a,SUCCESS,20250213133202
ce3c0ffc-761e-4c8b-8ccf-d8f5f2f27b8f,8,/fastcampus/services/t,SUCCESS,20250213133202
689e118a-24e7-4540-a75d-c1b29a209c02,13,/fastcampus/services/w,SUCCESS,20250213133202
541e3882-c1a9-4138-a72f-98d7899e3ec2,5,/fastcampus/services/e,SUCCESS,20250213133202
b20e1cb1-5ef5-458c-b831-48e89f31930c,2,/fastcampus/services/g,SUCCESS,20250213133202
1c7b24bf-7374-44d2-9941-159c56774981,17,/fastcampus/services/u,SUCCESS,20250213133202
96558c8b-fe57-4b17-a540-7273ab7435e6,15,/fastcampus/services/d,SUCCESS,20250213133202
0e4217aa-d1fe-4841-ad06-b892e4465615,19,/fastcampus/services/y,SUCCESS,20250213133202
13637020-fc95-4fe5-af6d-6aca4ff67856,11,/fastcampus/services/c,SUCCESS,20250213133202
fde03646-d2f2-40a2-866d-de89b93cea21,5,/fastcampus/services/d,SUCCESS,20250213133202
0e13d7ee-0abb-4c69-b8c7-3b816d0bec0e,12,/fastcampus/services/c,SUCCESS,20250213133202
0262cbd8-c2ab-4bad-b864-dfeaaaf1a45f,10,/fastcampus/services/b,SUCCESS,20250213133202
b4f3f7a9-1932-406a-a1dc-5917255a9c8c,16,/fastcampus/services/t,SUCCESS,20250213133202
fe20ef60-4139-4f27-b20e-a86bd9983417,17,/fastcampus/services/n,SUCCESS,20250213133202
aa8dc139-08e9-4662-9998-eda8e38fb8ab,6,/fastcampus/services/o,SUCCESS,20250213133202
8de02028-7a87-4c29-b785-beda9edf506a,14,/fastcampus/services/z,SUCCESS,20250213133202
cb6c4182-c1cb-44ce-b44d-59524b620f83,11,/fastcampus/services/a,SUCCESS,20250213133202
41447b8c-121e-470a-aec7-3fd66734abac,19,/fastcampus/services/n,FAIL,20250213133202
5a3075b1-945a-4336-b6d3-4c40b2872dc5,2,/fastcampus/services/p,FAIL,20250213133202
5f373bd4-c2d0-4562-978e-95364ba7f63c,2,/fastcampus/services/g,SUCCESS,20250213133202
0cf900ba-b5c5-4258-9478-fe37095da60c,15,/fastcampus/services/l,SUCCESS,20250213133202
30bd7b97-054a-4914-acdb-97a7bbfdb8bd,8,/fastcampus/services/q,SUCCESS,20250213133202
12fed0ca-ea01-4a3f-885b-6e0e48c4aef8,15,/fastcampus/services/w,SUCCESS,20250213133202
11d4c7b7-7ca9-4d8d-acac-4d9836d5785e,1,/fastcampus/services/m,SUCCESS,20250213133202
e96f8576-b866-4352-b4e3-9c3adae1b75e,5,/fastcampus/services/d,SUCCESS,20250213133202
8dab6f2d-ccf5-4ad6-8b10-95d1bbd59f71,11,/fastcampus/services/q,FAIL,20250213133202
d1114972-c497-4883-882e-06c406b059c0,19,/fastcampus/services/j,SUCCESS,20250213133202
2df57122-7197-4199-b719-e1bda627aca0,12,/fastcampus/services/q,SUCCESS,20250213133202
00a357ca-699d-4f38-ba80-79733efee882,4,/fastcampus/services/i,SUCCESS,20250213133202
c5b75a6e-30cb-4ae8-bc86-ac3a902a859e,6,/fastcampus/services/q,SUCCESS,20250213133202
21b5fa30-057d-4679-af2a-ef9ef069e9fc,18,/fastcampus/services/z,FAIL,20250213133202
9e0305fd-d799-4047-9505-273d8f1bd264,17,/fastcampus/services/w,SUCCESS,20250213133202
dbdbd425-b1d3-4a64-b3e2-af1bce474114,2,/fastcampus/services/t,SUCCESS,20250213133202
f483260d-879d-4414-8caa-b9d5c83fa47a,11,/fastcampus/services/u,SUCCESS,20250213133202
e32da7cc-bd81-4422-8081-165318aea8ae,11,/fastcampus/services/n,SUCCESS,20250213133202
242a3583-c696-4a17-8c56-ecfa73a5f643,12,/fastcampus/services/k,SUCCESS,20250213133202
92d2f160-40df-4bfb-81f8-5fceb609e6b0,4,/fastcampus/services/s,FAIL,20250213133202
2d095b7b-c83e-4071-8007-bd389948a9a3,4,/fastcampus/services/x,FAIL,20250213133202
159f58b8-7e55-48a9-8230-efaf9a4e0299,1,/fastcampus/services/l,SUCCESS,20250213133202
024ef5d1-671e-4050-b5f4-37a68d53a682,18,/fastcampus/services/t,SUCCESS,20250213133202
ebe4923e-3cb9-4d99-ada8-6704bfb5c2ab,13,/fastcampus/services/k,FAIL,20250213133202
96b6e79e-cf4b-4224-8bbd-d3ccd8f681c3,2,/fastcampus/services/g,SUCCESS,20250213133202
abdda760-0a2a-4b49-9256-d256814cf932,0,/fastcampus/services/d,FAIL,20250213133202
08ea7f64-e397-4f0c-b777-ccfa728360e6,10,/fastcampus/services/y,SUCCESS,20250213133202
0da26756-3dc7-4b95-88da-71f8a15b3254,1,/fastcampus/services/w,SUCCESS,20250213133202
3d46c277-700f-4919-ac72-0c9b8100ef8f,16,/fastcampus/services/h,SUCCESS,20250213133202
31178aee-1294-427d-a840-de2a90e21b16,14,/fastcampus/services/x,SUCCESS,20250213133202
c2980e37-56e0-40dd-94bb-d20a9241eab1,6,/fastcampus/services/q,SUCCESS,20250213133202
2462d422-f361-481f-9e4b-a31da9fc2f81,18,/fastcampus/services/r,FAIL,20250213133202
f606b593-4106-4f32-97a2-1084d69055a4,3,/fastcampus/services/c,SUCCESS,20250213133202
3df95178-24aa-45d6-80a3-985b1ae24dac,10,/fastcampus/services/a,SUCCESS,20250213133202
83a8550b-1b55-4fc5-b1f1-582fb52b7e57,3,/fastcampus/services/v,SUCCESS,20250213133202
7697a40d-af81-4adf-b8bd-e8b94094b721,19,/fastcampus/services/e,SUCCESS,20250213133202
c5ef51fb-9f87-417d-9785-33765f1bb2ad,11,/fastcampus/services/l,SUCCESS,20250213133202
9932b6ba-1ee2-431b-b654-8b9a96c71597,9,/fastcampus/services/j,SUCCESS,20250213133202
8e379edf-6524-4588-82c3-bfe7b1f443f3,17,/fastcampus/services/z,SUCCESS,20250213133202
65c6a28f-f3d2-4e9f-a72f-90e86f560c0b,15,/fastcampus/services/p,SUCCESS,20250213133202
15853778-5f36-4c24-a7bb-e213e398fac6,19,/fastcampus/services/z,SUCCESS,20250213133202
5a59d8f9-47da-42e8-ac2b-2f0ca27531fe,3,/fastcampus/services/i,SUCCESS,20250213133202
14cfb795-f02b-4686-9bcf-63c56de97d7a,3,/fastcampus/services/r,FAIL,20250213133202
90b2afb6-abf4-4eff-b01c-fda719e2ebed,16,/fastcampus/services/j,SUCCESS,20250213133202
1dcd14d6-b9a3-4ee2-8516-ded72ba9678b,8,/fastcampus/services/y,SUCCESS,20250213133202
cadadba5-a811-497c-9c50-ce78c9d54779,19,/fastcampus/services/m,SUCCESS,20250213133202
f2a50553-944b-4bd9-8446-b87f61daee42,4,/fastcampus/services/r,FAIL,20250213133202
5b31c597-0003-4b41-9574-332fcc03b2c4,2,/fastcampus/services/g,SUCCESS,20250213133202
dafa653f-5690-4163-97a9-84e05f75b6e0,7,/fastcampus/services/g,SUCCESS,20250213133202
e6f05fe0-370e-4220-a7b4-b865c317cbea,18,/fastcampus/services/q,FAIL,20250213133202
976c785b-b0e7-4b82-81a1-7b458ff6f648,4,/fastcampus/services/g,SUCCESS,20250213133202
1ae0d59a-ac51-4dbb-9889-a67fecd86318,13,/fastcampus/services/k,SUCCESS,20250213133202
1601e714-a3ca-415b-a120-a097b88970d3,19,/fastcampus/services/n,SUCCESS,20250213133202
d58d3343-1e25-417e-b5c8-44db50045d41,2,/fastcampus/services/s,SUCCESS,20250213133202
fce8fabd-f2cb-4395-ac80-381d7464e6df,2,/fastcampus/services/m,SUCCESS,20250213133202
68538ac3-0bc8-4a38-9796-2229a0634f16,5,/fastcampus/services/h,SUCCESS,20250213133202
c9322746-4b4d-4474-bacf-54276e018c7a,15,/fastcampus/services/s,FAIL,20250213133202
c7a9421b-ba16-4ec7-a0bd-cfb4a54e8667,7,/fastcampus/services/d,SUCCESS,20250213133202
1b805a4c-d1a7-4ec1-9952-bf5f8d8a27a3,11,/fastcampus/services/s,SUCCESS,20250213133202
e60bbe0a-29dc-412c-8113-a7e656ccc267,14,/fastcampus/services/u,SUCCESS,20250213133202
a2b5d60b-6e39-468e-9428-4c9b927512eb,1,/fastcampus/services/u,SUCCESS,20250213133202
19c90d32-afe0-4f82-99d3-f180f9afed23,19,/fastcampus/services/w,SUCCESS,20250213133202
7f99d18c-0e26-4253-8dbf-d03eadca148b,16,/fastcampus/services/d,FAIL,20250213133202
e94a4fb6-3e3a-4f16-a880-2229a2c8ee26,6,/fastcampus/services/l,SUCCESS,20250213133202
329fec18-aeca-43c2-af06-45b7f3b903d2,19,/fastcampus/services/m,SUCCESS,20250213133202
0166b2ed-dbcf-4342-93b7-883c115962ac,11,/fastcampus/services/y,FAIL,20250213133202
489b27ea-35bd-49ff-8668-b229bb1e4c91,18,/fastcampus/services/s,SUCCESS,20250213133202
b5891899-05f1-4465-9cdb-dae9d7b38ba6,18,/fastcampus/services/c,SUCCESS,20250213133202
2723c2f4-641b-41ae-9fd6-e2a6a067d705,15,/fastcampus/services/n,FAIL,20250213133202
d8540d56-2fb6-4795-86bc-f39805021241,2,/fastcampus/services/d,SUCCESS,20250213133202
ce28563e-1790-48cc-af58-2fe816298116,18,/fastcampus/services/b,SUCCESS,20250213133202
